name;data;link;author2;author3;author4;author5;author6;author7;author8;author9;author10;author11;author12;author13;author14;author15;author16;author17;author18;author19;author20;author21;author22;author23;author24;author25;author26;author27;author28;author29;author30;author31
Imagine;12/23/2018;https://www.youtube.com/watch?v=_0CHLh3DqA0;;;;;;;;;;;;;;;;;;;;;;;;;;;;;;
Arm;12/23/2022;https://www.youtube.com/watch?v=VDBXMx0wj8M;;;;;;;;;;;;;;;;;;;;;;;;;;;;;;
Astilaud;12/28/2022;https://www.youtube.com/watch?v=aAY3ds1XpDM;;;;;;;;;;;;;;;;;;;;;;;;;;;;;;
Negative;1/2/2023;https://www.youtube.com/watch?v=kunLNAM0I2E;;;;;;;;;;;;;;;;;;;;;;;;;;;;;;
Rectifier;1/6/2023;https://www.youtube.com/watch?v=wLkV7hO-_Cw;;;;;;;;;;;;;;;;;;;;;;;;;;;;;;
Tiki;1/28/2023;https://www.youtube.com/watch?v=s3On7qKvDI4;;;;;;;;;;;;;;;;;;;;;;;;;;;;;;
Choral;1/29/2023;https://www.youtube.com/watch?v=Z6mU86xiTKQ;;;;;;;;;;;;;;;;;;;;;;;;;;;;;;
Synchro cat;2/2/2023;https://www.youtube.com/watch?v=aoqW2HJpLPA;;;;;;;;;;;;;;;;;;;;;;;;;;;;;;
Ad one;2/2/2023;https://www.youtube.com/watch?v=g86uHkJ8eao;;;;;;;;;;;;;;;;;;;;;;;;;;;;;;
Opus;2/10/2023;https://www.youtube.com/watch?v=GtwuO-n0qiI;;;;;;;;;;;;;;;;;;;;;;;;;;;;;;
Kokolat;2/12/2023;https://www.youtube.com/watch?v=f6Wu9tV-jGA;;;;;;;;;;;;;;;;;;;;;;;;;;;;;;
SOC;3/12/2023;https://www.youtube.com/watch?v=p19Z8O21iGM;;;;;;;;;;;;;;;;;;;;;;;;;;;;;;
Sunny Lawn;4/25/2023;https://www.youtube.com/watch?v=iAQLT665YE8;;;;;;;;;;;;;;;;;;;;;;;;;;;;;;
Sea Fireflies;5/12/2023;https://www.youtube.com/watch?v=pYeDWaN2jTc;;;;;;;;;;;;;;;;;;;;;;;;;;;;;;
Transylvania;5/25/2023;https://www.youtube.com/watch?v=rBXX8dRloiQ;;;;;;;;;;;;;;;;;;;;;;;;;;;;;;
Augusto;6/9/2023;https://www.youtube.com/watch?v=iPPpGNA2KmM;;;;;;;;;;;;;;;;;;;;;;;;;;;;;;
Nirodha;6/10/2023;https://www.youtube.com/watch?v=AxfrlYWZT1Q;;;;;;;;;;;;;;;;;;;;;;;;;;;;;;
Unpack the Impact;8/15/2023;https://www.youtube.com/watch?v=ftZ2RrC-o4Y;;;;;;;;;;;;;;;;;;;;;;;;;;;;;;
Simularium;12/19/2023;https://www.youtube.com/watch?v=glfD6-gTEZo;;;;;;;;;;;;;;;;;;;;;;;;;;;;;;
TEC;1/1/2024;https://www.youtube.com/watch?v=Z6wYS5ng6Zk;;;;;;;;;;;;;;;;;;;;;;;;;;;;;;
Critical Cluster;1/12/2024;https://www.youtube.com/watch?v=gyPYZZXmbP4;;;;;;;;;;;;;;;;;;;;;;;;;;;;;;
Dream4nia;2/8/2024;https://www.youtube.com/watch?v=UMpCcAfAPWE;;;;;;;;;;;;;;;;;;;;;;;;;;;;;;
Door;2/14/2024;https://www.youtube.com/watch?v=VSQn9PXEPPA;;;;;;;;;;;;;;;;;;;;;;;;;;;;;;
Strong;2/24/2024;https://www.youtube.com/watch?v=3shjIiz3khE;;;;;;;;;;;;;;;;;;;;;;;;;;;;;;
Sophistic;3/2/2024;https://www.youtube.com/watch?v=Zn9wEltE_O8;;;;;;;;;;;;;;;;;;;;;;;;;;;;;;
Impreza;3/9/2024;https://www.youtube.com/watch?v=HhmbehQj_kw;;;;;;;;;;;;;;;;;;;;;;;;;;;;;;
Suspend;3/16/2024;https://www.youtube.com/watch?v=GIkVDGD9jWA;;;;;;;;;;;;;;;;;;;;;;;;;;;;;;
To Perfection;3/23/2024;https://www.youtube.com/watch?v=SPdEktYBFyQ;;;;;;;;;;;;;;;;;;;;;;;;;;;;;;
Draw a Dream;3/30/2024;https://www.youtube.com/watch?v=-MeW9tOs-rE;;;;;;;;;;;;;;;;;;;;;;;;;;;;;;
Wi-Fi;4/6/2024;https://www.youtube.com/watch?v=p2juAZxXhdI;;;;;;;;;;;;;;;;;;;;;;;;;;;;;;
Spring is Beautiful;4/13/2024;https://www.youtube.com/watch?v=mA3zBGIRB8E;;;;;;;;;;;;;;;;;;;;;;;;;;;;;;
Sintronic;4/20/2024;https://www.youtube.com/watch?v=fGLLW6VNMYM;;;;;;;;;;;;;;;;;;;;;;;;;;;;;;
Forest Legend;4/27/2024;https://www.youtube.com/watch?v=2HHQK55PQ6U;;;;;;;;;;;;;;;;;;;;;;;;;;;;;;
Recollection;5/4/2024;https://www.youtube.com/watch?v=HC3u9H9RC8E;;;;;;;;;;;;;;;;;;;;;;;;;;;;;;
Amazing Stop;5/11/2024;https://www.youtube.com/watch?v=5I62v328GhE;;;;;;;;;;;;;;;;;;;;;;;;;;;;;;
Cloud Elephant;5/18/2024;https://www.youtube.com/watch?v=NJknGfBYqEY;;;;;;;;;;;;;;;;;;;;;;;;;;;;;;
Sostenuto Fantastico;5/25/2024;https://www.youtube.com/watch?v=Ab0OtH6B-kQ;;;;;;;;;;;;;;;;;;;;;;;;;;;;;;
Bicycle Journey in the Cloud;6/1/2024;https://www.youtube.com/watch?v=F9Qu3ZGmAkc;;;;;;;;;;;;;;;;;;;;;;;;;;;;;;
Fly;6/8/2024;https://www.youtube.com/watch?v=si_GOynKT-g;;;;;;;;;;;;;;;;;;;;;;;;;;;;;;
Movement;6/15/2024;https://www.youtube.com/watch?v=VRAo-qmC0k0;;;;;;;;;;;;;;;;;;;;;;;;;;;;;;
Summer, Love;6/18/2024;https://www.youtube.com/watch?v=kfnlCd2mdx4;cottonbro studio;Borys Trusevych;Coverr;Engin Akyurt;Khanh Hoang Minh 2;Mikhail Nilov;Philip Kapadia;RDNE Stock project;Rostislav Uzunov;SHVETS production;StefWithAnF;Tima Miroshnichenko;Yaroslav Shuraev;;;;;;;;;;;;;;;;;
Iron;6/22/2024;https://www.youtube.com/watch?v=jeC8pTuMzqQ;;;;;;;;;;;;;;;;;;;;;;;;;;;;;;
Spring Will Come Anyway;6/29/2024;https://www.youtube.com/watch?v=6Hfy-wGs_go;;;;;;;;;;;;;;;;;;;;;;;;;;;;;;
Climbing The Mountain;7/6/2024;https://www.youtube.com/watch?v=h2R139tsHmY;;;;;;;;;;;;;;;;;;;;;;;;;;;;;;
Goodbye;7/13/2024;https://www.youtube.com/watch?v=AdqoDaOn1kY;;;;;;;;;;;;;;;;;;;;;;;;;;;;;;
Slides;7/20/2024;https://www.youtube.com/watch?v=VXUhq6UBjWE;;;;;;;;;;;;;;;;;;;;;;;;;;;;;;
Oscillation;7/27/2024;https://www.youtube.com/watch?v=hMGEekbBGRA;;;;;;;;;;;;;;;;;;;;;;;;;;;;;;
Reconstruction;8/3/2024;https://www.youtube.com/watch?v=hnO-c4AsMag;;;;;;;;;;;;;;;;;;;;;;;;;;;;;;
Beckoning Ocean;8/10/2024;https://www.youtube.com/watch?v=6WEKRI4nPXo;KIM ASWANI;shaun;Evie Shaffer;Nathan Baldwin;Nathaniel Delos Santos;Kelly;Taryn Elliott;Az Horsley;ROMAN ODINTSOV;Pachon in Motion;Sean JOHNSTON;Ruvim Miksanskiy;Peter Fowler;;;;;;;;;;;;;;;;;
Sunlight Reflection;8/24/2024;https://www.youtube.com/watch?v=nMC-ub1WexA;Jiří Malý;Matthias Groeneveld;cottonbro studio;Engin Akyurt;Harvey Veyhar;Kampus Production;Magda Ehlers;Matthias Groeneveld;Noel McShane;Pavel Danilyuk;Rachel Claire;ROMAN ODINTSOV;Taryn Elliott;;;;;;;;;;;;;;;;;
Inside Of Mind;8/31/2024;https://www.youtube.com/watch?v=7_m5368YOto;Pachon in Motion;cottonbro studio;Kelly;Tima Miroshnichenko;;;;;;;;;;;;;;;;;;;;;;;;;;
Forest Guests;9/7/2024;https://www.youtube.com/watch?v=XgTFbAP5sZM;David Martin;Matthias Groeneveld;Serg Alesenko;Henrikas Mackevicius;Kelly;Ankit Rainloure;Altaf Shah;Matthias Groeneveld;;;;;;;;;;;;;;;;;;;;;;
Nature's Yellow Hue;9/14/2024;https://www.youtube.com/watch?v=Pwsfg0nyUtY;Taryn Elliott;;;;;;;;;;;;;;;;;;;;;;;;;;;;;
Escape to the Sunny Herbs;9/21/2024;https://www.youtube.com/watch?v=mFq6SBC0SsE;Yaroslav Shuraev;Taryn Elliott;Pavel Danilyuk;Kelly;Artem Shutkin;;;;;;;;;;;;;;;;;;;;;;;;;
The Exposed Earth;9/28/2024;https://www.youtube.com/watch?v=HikYPZJK-ZA;Adrien JACTA;Alec Jackomino;ArtHouse Studio;Bhagath Singh Gogineni;Bhargava Marripati;Kelly;Kindel Media;Mikhail Nilov;Tacettin Veli Çetin;Volkan Yılmaz;Marvin Caro;;;;;;;;;;;;;;;;;;;
Metamorphosis Of The Mind;10/5/2024;https://www.youtube.com/watch?v=fDkRTS1Db5o;Engin Akyurt;Colin Jones;;;;;;;;;;;;;;;;;;;;;;;;;;;;
i;10/12/2024;https://www.youtube.com/watch?v=f72um_BE_io;⭐ Ron Lach;⭐ Artur Szczubelek;Monsieur Sylvain;Engin Akyurt;Nithin PA;cottonbro studio;Kelly;;;;;;;;;;;;;;;;;;;;;;;
Innocent Dominants;10/26/2024;https://www.youtube.com/watch?v=WRaG2TBR_IY;Colin Jones;;;;;;;;;;;;;;;;;;;;;;;;;;;;;
Aerograph;11/2/2024;https://www.youtube.com/watch?v=Tvl6WvEBcz0;Colin Jones;;;;;;;;;;;;;;;;;;;;;;;;;;;;;
Laboratory;11/9/2024;https://www.youtube.com/watch?v=r-Nk7UTEHIE;cottonbro studio;Tima Miroshnichenko;Anna Tarazevich;Denys Gromov;MART PRODUCTION;Mikhail Nilov;Nicola Narracci;Pressmaster;Rihard-Clement-Ciprian Diac;;;;;;;;;;;;;;;;;;;;;
Evening Tram of Memories;11/16/2024;https://www.youtube.com/watch?v=cjY6Ep49lhw;Alexander Grey;Amar Preciado;Charlotte May;cottonbro studio;Coverr;David Roberts;Engin Akyurt;faycol bogonko;Kelly;Pat Whelen;Pixabay;Samar Layek;Samson Katt;Sosa Films;Taryn Elliott;Thirdman;Tima Miroshnichenko;TP Motion;Yaroslav Shuraev;Zelch Csaba;정규송 Nui MALAMA;;;;;;;;;
Autumn;11/30/2024;https://www.youtube.com/watch?v=BmgRHBu9j0A;Ambient_Nature_ Atmosphere;cottonbro studio;fauxels;German Korb;Jafet Byrne;MART PRODUCTION;Mehmet Ali Turan;Zlatin Georgiev;;;;;;;;;;;;;;;;;;;;;;
Simplicity;2/8/2025;https://www.youtube.com/watch?v=98G-mzoaNso;nicollazzi xiong;;;;;;;;;;;;;;;;;;;;;;;;;;;;;
Dream Walk;2/15/2025;https://www.youtube.com/watch?v=-cqkoAexV18;Florian Delée;;;;;;;;;;;;;;;;;;;;;;;;;;;;;
Live Wave;2/22/2025;https://www.youtube.com/watch?v=h-_dMBZUmcA;thakor jaymin;;;;;;;;;;;;;;;;;;;;;;;;;;;;;
Ascetic;3/1/2025;https://www.youtube.com/watch?v=szY1VuAQLW8;deconjpa;;;;;;;;;;;;;;;;;;;;;;;;;;;;;
Magic Lights;3/8/2025;https://www.youtube.com/watch?v=mDuSYgVfYiM;Artur Szczubelek;Awan Cine;Colin Jones;cottonbro studio;Kelly;Nicky Pe;Nicola Narracci;Taryn Elliott;Yaroslav Shuraev;;;;;;;;;;;;;;;;;;;;;
Plexus;3/15/2025;https://www.youtube.com/watch?v=P56EJN3GuuM;Chandresh Uike;;;;;;;;;;;;;;;;;;;;;;;;;;;;;
Paper Boat;3/22/2025;https://www.youtube.com/watch?v=RI01GEuUvSI;ArtHouse Studio;Attila Pergel;Biplab Sau;Manthan Mer;Matias Luge;Mehmet Ali Turan;Miguel Á. Padriñán;ROMAN ODINTSOV;Ron Lach;Rufaro Makaya;SHVETS production;Taryn Elliott;;;;;;;;;;;;;;;;;;
Small Cozy Cafe;3/29/2025;https://www.youtube.com/watch?v=ja4WMyXjBpk;AHmaD AssaF;Anna Nekrashevich;ArtHouse Studio;cottonbro studio;Coverr;Efrem Efre;Engin Akyurt;Feyza Daştan;Furkan Elveren;George Morina;Kelly;Mano Dolph;Mart LMJ;Mikhail Nilov;Rufaro Makaya;StefWithAnF;;;;;;;;;;;;;;
A Small Meeting;4/5/2025;https://www.youtube.com/watch?v=oI8PIdfXC_4;Aleks BM;Ellysa jordens;Matthias Groeneveld;Ojyrai Films;Owen Casey;RDNE Stock project;Roman Kaiuk;The Marc Knight;Tom Fisk;Videas Cl;;;;;;;;;;;;;;;;;;;;
Foundation;4/12/2025;https://www.youtube.com/watch?v=CPYQAUFGYSM;Adrien JACTA;Bohdan Borovyk;Kelly;KoolShooters;Naveen G;Pat Whelen;Yaroslav Shuraev;정규송 Nui MALAMA;;;;;;;;;;;;;;;;;;;;;;
Cloud Transit;4/19/2025;https://www.youtube.com/watch?v=48LT8EQMvto;Alexander Bobrov;Bárbara Villardo;Borys Zaitsev;CESAR A RAMIREZ VALLEJO TRAPHITHO;David Pickup;Dmitry Varennikov;Earth Photart;Enes Salih Gökçek;Jose Ángel Ruiz Olivares;Kelly;Leeloo The First;Miguel Á. Padriñán;Ojyrai Films;Oskar Gross;Pixabay;Rense;shalender kumar;Szőcs Tamás;Vimeo;;;;;;;;;;;
Rain, Vinyl and...;4/26/2025;https://www.youtube.com/watch?v=r99DGHntqE0;Atakan Ozkan;cottonbro studio;Kelly;Miguel Á. Padriñán;Neugiernase;;;;;;;;;;;;;;;;;;;;;;;;;
Little Strange Garden;5/24/2025;https://www.youtube.com/watch?v=CQqSNCizt6E;Arthur MULLER;cottonbro studio;Dan Cristian Pădureț;Edward Ng;Eric Kerman;Felix;Iván García Muneta;Kelly;Ron Lach;Ruslan Sikunov;Tom Fisk;utopia 36;Wal Saravia;;;;;;;;;;;;;;;;;
Sunny Day;5/31/2025;https://www.youtube.com/watch?v=sembJL5dvI8;Mary Rose Relente;;;;;;;;;;;;;;;;;;;;;;;;;;;;;
Summer Herbs;6/7/2025;https://www.youtube.com/watch?v=hcXsSKr5-2c;Lii Chun;;;;;;;;;;;;;;;;;;;;;;;;;;;;;
Queen Code;6/14/2025;https://www.youtube.com/watch?v=fvgCRJyVG-Y;Aurelijus U.;Borys Zaitsev;C Technical;Colors Motion Graphics;cottonbro studio;David Roberts;Kelly;Olena Ilinska;Pixabay;Quang Viet Nguyen;Ragesh RG;Robert Daniel;Stefan;;;;;;;;;;;;;;;;;
Shutdown;6/21/2025;https://www.youtube.com/watch?v=T8YseX-DYTQ;Alfris Edwards;Atakan Ozkan;boudib islam;Clement Couturier;cottonbro studio;Dima Krivoy;Ivan Samkov;Jose Gabriel Ortega Castro;Mario Aranda;MrColo;Pixabay;Sasha Poberailo;"Stan ""Kenzo"" K";StefWithAnF;Steve B;Tima Miroshnichenko;;;;;;;;;;;;;;
Sandy World;6/28/2025;https://www.youtube.com/watch?v=AWBWjPedbi8;Adrien JACTA;ArtHouse Studio;Luz Calor Som;MART PRODUCTION;Nicola Narracci;Taryn Elliott;Volkan Yılmaz;;;;;;;;;;;;;;;;;;;;;;;
Trampoline;7/19/2025;https://www.youtube.com/watch?v=om7A6mIYAL4;ArtHouse Studio;Chandresh Uike;Davis Vidal;DoomFilms;Florian Delée;Kelly;MART PRODUCTION;Mudit verma;Sajjad Sabbir;Second Generation Films;Stas Knop;Yegor;;;;;;;;;;;;;;;;;;
Cloud Space;7/26/2025;https://www.youtube.com/watch?v=G3T1Awzg-0I;Ali S;Dan Cristian Pădureț;;;;;;;;;;;;;;;;;;;;;;;;;;;;
Twins;8/2/2025;https://www.youtube.com/watch?v=wAKGWAYZd8c;Dan Cristian Pădureț;Irina Alekseevskaya;;;;;;;;;;;;;;;;;;;;;;;;;;;;
Decorator;8/9/2025;https://www.youtube.com/watch?v=oy9GFlCilRE;Dan Cristian Pădureț;Юлія-Марія Повх;;;;;;;;;;;;;;;;;;;;;;;;;;;;
Cooling;8/16/2025;https://www.youtube.com/watch?v=2bpvoAb-2sc;Tiến Nguyễn;naratip sretan;;;;;;;;;;;;;;;;;;;;;;;;;;;;
Drɒp;8/23/2025;https://www.youtube.com/watch?v=DURns8VFSK0;cnrdmroglu;Tarin Golden;;;;;;;;;;;;;;;;;;;;;;;;;;;;
Pulsating Pillars;8/30/2025;https://www.youtube.com/watch?v=4rdIRjDyK2s;Chandresh Uike;Hami Durgut;MART PRODUCTION;;;;;;;;;;;;;;;;;;;;;;;;;;;
Adventures on Two;9/6/2025;https://www.youtube.com/watch?v=yNZquESf7Rw;Jusdevoyage Lyly;Pixabay;;;;;;;;;;;;;;;;;;;;;;;;;;;;
Voices of Veiled Faces;9/13/2025;https://www.youtube.com/watch?v=SGtjfUp3L7o;Chandresh Uike;Helena Jankovičová Kováčová;;;;;;;;;;;;;;;;;;;;;;;;;;;;
In Headphones with Clouds;9/20/2025;https://www.youtube.com/watch?v=u5rfE5cyem4;Dmitry Marchenkov;Sydney Sang;정규송 Nui MALAMA;;;;;;;;;;;;;;;;;;;;;;;;;;;
Lyr's Song;9/27/2025;https://www.youtube.com/watch?v=j56cuNUPPT8;cottonbro studio;Danilo Riba;Glimpses Into Reality;;;;;;;;;;;;;;;;;;;;;;;;;;;
Little Mirror;10/4/2025;https://www.youtube.com/watch?v=Ek5459Y9i_s;Bülent Özgöç;Lisa from Pexels;;;;;;;;;;;;;;;;;;;;;;;;;;;;
Where Sakura Grows;10/11/2025;https://www.youtube.com/watch?v=6C2UTO-dwjo;Evgeny Tchebotarev;Engin Akyurt;Yaroslav Shuraev;;;;;;;;;;;;;;;;;;;;;;;;;;;
Unspoken Thoughts;10/18/2025;https://www.youtube.com/watch?v=2FIk7lmZ92M;Engin Akyurt;Thato Mailula;;;;;;;;;;;;;;;;;;;;;;;;;;;;
We Are Somewhere Between Black and White;10/26/2025;https://youtu.be/hoR1vHD4KQs;Dmitry Marchenkov;George Becker;정규송 Nui MALAMA;;;;;;;;;;;;;;;;;;;;;;;;;;;
Drips Between the Lines;11/02/2025;https://youtu.be/K_7nwp8URMA;Aleks BM;;;;;;;;;;;;;;;;;;;;;;;;;;;;;
Inspired;11/09/2025;https://youtu.be/1rWA4H_j_hc;Tapos Biswas;Mudit verma;;;;;;;;;;;;;;;;;;;;;;;;;;;;
Enchanted Peak;11/16/2025;https://youtu.be/2U8f6_K18MI;Gauri Chillarge;I Am Sorin;;;;;;;;;;;;;;;;;;;;;;;;;;;;
Cosmic Impulse;11/23/2025;https://youtu.be/V-VPWq6u4zc;Agung Pandit Wiguna;Cris Ménlés;Mudit verma;Siarhei Dalivelia;;;;;;;;;;;;;;;;;;;;;;;;;;
Wonders in the Ordinary;11/30/2025;https://youtu.be/jXhYBLdSG0o;Emir Bozkurt;MART PRODUCTION;;;;;;;;;;;;;;;;;;;;;;;;;;;;
Always the Next Level;12/07/2025;https://youtu.be/CFiULSq_L9M;ArtHouse Studio;Engin Akyurt;MART PRODUCTION;Taryn Elliott;;;;;;;;;;;;;;;;;;;;;;;;;;
Because Magic;12/14/2025;https://youtu.be/PBJ0gJmSRtI;Nihat Gök;Oleg Gamulinskii;;;;;;;;;;;;;;;;;;;;;;;;;;;;
When Winter Wakes Up;12/21/2025;https://youtu.be/0ipPwAOdhmI;†reny aleksa;cottonbro studio;Dimitar Dimitrov;Distill;Engin Akyurt;Eren Ataselim;Evgenij Mikhailov;George Morina;German Korb;Grzegorz Lewandowski;gusat silviu;Laura James;Leeloo The First;Maksim Goncharenok;Manos Orfanos;Marc Onana;Matthias Groeneveld;olia danilevich;Pavel Danilyuk;Pixabay;ROMAN ODINTSOV;Rufaro Makaya;sergeispas;Sergey Guk;Stefano Rinaldo;Valeriy Pet-ko;whiterecord / PureRAW;Yan Krukau;Yaroslav Shuraev;Zlatin Georgiev
Whimsical Adventures;12/28/2025;https://youtu.be/EhIub-f0pNw;Engin Akyurt;Nihat Gök;Robert Șerban;;;;;;;;;;;;;;;;;;;;;;;;;;;
When Stone Melts from Feelings;1/4/2026;https://youtu.be/AgYs79lRstU;Alex Moliski;Jhey Dread;Nihat Gök;Oleg Gamulinskii;;;;;;;;;;;;;;;;;;;;;;;;;;
Lemon World;1/11/2026;https://youtu.be/Hr0zvWEtEUI;Frans van Heerden;Gilmer Diaz Estela;;;;;;;;;;;;;;;;;;;;;;;;;;;;
New Realm;1/18/2026;https://youtu.be/u-1Ba9sMO2A;Anna Nekrashevich;cottonbro studio;Hristo Fidanov;Miguel Á. Padriñán;Mudit verma;;;;;;;;;;;;;;;;;;;;;;;;;
Up and Down;01/25/2026;https://youtu.be/4xQr9-odtJM;Atahan Demir;cottonbro studio;Magda Ehlers;;;;;;;;;;;;;;;;;;;;;;;;;;;
